happy,mood,music,people,song
0.0,0.0,1.0,0.0,0.0
0.8197947207469487,0.0,0.0,0.0,0.5726575030814076
0.0,0.0,0.4974403775780715,0.867498167580189,0.0
0.0,0.0,1.0,0.0,0.0
0.0,0.0,0.8540457957942998,0.0,0.5201978264911158
0.0,0.0,0.0,0.0,1.0
0.0,0.0,0.6344887903469154,0.0,0.7729320635891024
0.0,0.6552891498274258,0.37575558576939205,0.6552891498274258,0.0
0.6339846588827948,0.6339846588827948,0.0,0.0,0.4428621733706017
0.0,0.0,1.0,0.0,0.0
